ham,Hello Hello Party Schedule Holiday
ham,Dinner Party Invitation Report Dinner Tomorrow Task
spam,Earn Offer Discount Offer Bonus Earn
spam,Discount Congratulations Earn Win Loan
spam,Exclusive Urgent Prize Risk-Free Congratulations
spam,Congratulations Instant Deal Cheap Limited Urgent
ham,News Report Dinner Tomorrow Friends
spam,Click Risk-Free Money Credit Credit Urgent Gift Winner Deal Promotion
ham,Holiday Appointment Lunch Lunch Exam
spam,Loan Urgent Risk-Free Congratulations Cheap Cash Loan Earn Urgent
ham,Check Hello School Reminder Hello Lunch
ham,Report Call Exam Dinner Exam Holiday
spam,Credit Limited Discount Congratulations Congratulations
spam,Now Cash Free Win Gift Bonus Promotion Loan
ham,Party Movie Reminder Dinner Hello School
spam,Offer Guaranteed Exclusive Exclusive Promotion Deal Prize Discount Free
spam,Risk-Free Guaranteed Winner Exclusive Risk-Free Win Risk-Free Cheap Prize Earn
spam,Click Free Click Loan Cheap Cheap Loan
spam,Winner Cheap Deal Limited Urgent Cheap Exclusive Cheap Loan
spam,Limited Now Cash Offer Cheap Promotion
ham,Exam Meeting Task Report Project Check Project
spam,Winner Limited Limited Limited Now Discount Deal Offer Guaranteed
ham,Appointment Lunch Party Invitation Schedule Schedule Friends
spam,Win Instant Free Offer Winner Exclusive Instant Discount Bonus
spam,Congratulations Click Click Prize Earn Promotion
spam,Gift Free Credit Limited Promotion Congratulations
ham,Call Appointment Plan Friends Appointment Work Holiday Report Plan Updates
ham,Party Movie Holiday Task School Hello Reminder School Party
spam,Loan Money Risk-Free Instant Gift
spam,Win Offer Urgent Loan Congratulations Cash Urgent Money
spam,Earn Exclusive Promotion Now Deal Exclusive Money
spam,Exclusive Prize Instant Limited Win Instant Instant Earn Win
spam,Prize Guaranteed Free Congratulations Free Discount Winner
ham,Holiday Report Friends Reminder Tomorrow Friends Holiday Task Lunch Tomorrow
spam,Cheap Prize Congratulations Free Earn Urgent Now
ham,Task Task Friends Party Invitation Schedule
spam,Credit Free Urgent Gift Instant Risk-Free
ham,Lunch Invitation Dinner Family Lunch Schedule Family Report Tomorrow Movie
spam,Limited Click Credit Click Limited Prize Limited Instant Exclusive
spam,Congratulations Congratulations Promotion Now Instant Loan Deal Winner Promotion
spam,Loan Bonus Click Deal Congratulations Urgent Bonus Winner
ham,Friends Hello Party Call Party Work Friends
ham,Dinner Call Schedule Check Appointment Movie Work Meeting Task
spam,Guaranteed Instant Risk-Free Click Discount
spam,Exclusive Click Discount Free Earn Instant Bonus Bonus
spam,Loan Guaranteed Gift Cash Guaranteed Winner Cheap Now Risk-Free
ham,Call Exam Tomorrow Invitation Plan Work Tomorrow Hello Invitation
ham,Task Party Party News Hello Friends Movie News Report Movie
spam,Click Gift Winner Gift Free
ham,Task School Project School Task Work Party Invitation Lunch Lunch
spam,Exclusive Congratulations Exclusive Instant Deal Limited Prize Guaranteed Gift Instant
spam,Limited Limited Loan Loan Promotion
spam,Promotion Earn Prize Congratulations Guaranteed Bonus Discount Gift Cash Exclusive
ham,Party Appointment Hello News Appointment Project News Appointment Dinner
spam,Winner Win Cheap Loan Urgent Credit
ham,Invitation School Meeting Party Meeting Tomorrow Lunch
spam,Limited Free Limited Cash Gift Prize Congratulations
spam,Prize Click Win Cash Risk-Free Earn Guaranteed Gift Deal
ham,Report Lunch Lunch Project Invitation School Work Lunch Updates Lunch
ham,Plan Dinner Project Call Work Hello Family News Check
ham,News Friends Hello Meeting Family Report Check Check
ham,News Schedule Friends School Reminder Schedule Reminder Call Check Exam
spam,Limited Exclusive Winner Cash Bonus Urgent Free Loan Bonus Bonus
ham,Task Lunch Lunch Task Tomorrow Task Reminder Schedule Work
ham,Movie Appointment Family Call Report Meeting
ham,News Plan Schedule Project Movie Friends Reminder
ham,Task Plan Exam Task Schedule Reminder Meeting Updates
ham,Lunch Tomorrow Task Appointment Movie Exam
ham,Tomorrow Movie Friends Tomorrow Hello Schedule Report Dinner
spam,Discount Offer Loan Win Guaranteed Earn Free Risk-Free Gift Offer
ham,Reminder Project Meeting News News Family Task
spam,Cheap Cash Gift Cash Winner Prize Loan
ham,Task Lunch Party Work Lunch Task Family Updates Holiday
ham,Family Work Tomorrow Check Holiday Schedule Invitation
ham,Project Task Reminder Plan Project Call Invitation Tomorrow Call
ham,Family Lunch Dinner Work Project Hello Movie News Work
ham,Exam Holiday Task Exam Tomorrow Lunch Work Lunch Invitation
ham,Hello Plan Task Hello Lunch Work
ham,Party Invitation Plan Project Exam
spam,Win Guaranteed Congratulations Instant Exclusive Loan Instant Limited
ham,Party Reminder Appointment Tomorrow Movie Meeting
ham,Holiday Project Meeting Updates Tomorrow News
ham,Plan Report Friends Work Meeting
ham,Project Check Family Call Appointment
ham,Updates Plan Project Meeting News Meeting Check Plan
spam,Prize Congratulations Cheap Prize Exclusive Promotion Win Prize Cheap
ham,Project Reminder Movie Party Lunch Tomorrow Hello
ham,Appointment Friends Hello News Party
ham,Exam Updates Hello News Appointment Schedule Check Hello Movie
spam,Congratulations Earn Exclusive Bonus Risk-Free Cash
spam,Winner Cash Bonus Win Gift Free Prize Prize Earn Deal
spam,Cheap Loan Instant Money Deal Credit Promotion Exclusive
spam,Offer Money Guaranteed Winner Earn Credit Free Credit Win
spam,Win Promotion Discount Cheap Instant
ham,Schedule Invitation Tomorrow Meeting Party Reminder Work Family
ham,Reminder Party Party Reminder Appointment Meeting
spam,Credit Discount Limited Earn Guaranteed Now Win Instant Limited Exclusive
ham,Project Invitation Movie Party Call School
spam,Urgent Gift Exclusive Guaranteed Guaranteed Gift Bonus Loan
ham,Appointment School Party Party Task Lunch Meeting
spam,Guaranteed Discount Credit Now Offer Earn Cheap Limited
ham,Family Holiday Appointment Lunch Lunch Work
spam,Free Earn Deal Bonus Urgent
ham,Hello Exam Updates Movie Report Work Project Party Family Updates
ham,Project Lunch Tomorrow Updates Invitation Tomorrow Movie Invitation
ham,Plan Plan Updates Holiday Check
spam,Bonus Exclusive Prize Credit Guaranteed
ham,Exam Family Dinner Project Project Hello Party Call Movie
ham,School Schedule Invitation Lunch News Report Holiday Movie
ham,Plan Holiday Appointment Task Schedule Schedule Report Invitation
spam,Risk-Free Prize Offer Deal Promotion Credit Winner Exclusive Discount Credit
spam,Earn Earn Urgent Limited Risk-Free Exclusive Exclusive Winner Win Credit
ham,Task News Dinner Tomorrow Tomorrow Holiday
ham,Work Updates Plan News Invitation Plan Work
spam,Cash Congratulations Click Money Discount
ham,Updates Schedule Project News Check Friends Movie Schedule
spam,Risk-Free Winner Exclusive Limited Click Win
ham,News School Hello News Dinner
spam,Money Guaranteed Promotion Win Risk-Free
spam,Credit Credit Risk-Free Free Congratulations Gift
ham,Report Exam Family Dinner Holiday Plan
spam,Cheap Loan Discount Urgent Offer Earn Bonus Cheap
spam,Free Now Promotion Exclusive Earn Cash
ham,Reminder Call Report Project Check
ham,Holiday School School Lunch Party News Movie
spam,Offer Exclusive Offer Exclusive Discount Now Discount
ham,Schedule Task Updates Updates Appointment
ham,Holiday Check Friends Plan News Exam
ham,Report Updates Lunch Reminder Family Exam School
spam,Earn Exclusive Loan Deal Risk-Free Winner Free Free
spam,Earn Bonus Free Offer Prize Promotion Deal Money Loan Risk-Free
ham,Movie Plan Dinner Check Check Dinner Dinner Plan Call
spam,Click Discount Money Cash Prize Money Congratulations Now
spam,Deal Cash Cheap Discount Limited
spam,Instant Guaranteed Instant Guaranteed Urgent Deal Now Free Deal
spam,Win Instant Win Risk-Free Instant Gift Offer Congratulations Gift Free
spam,Guaranteed Click Credit Exclusive Bonus Cash Cash
spam,Money Discount Click Gift Deal Cash Limited Earn
spam,Instant Guaranteed Guaranteed Free Congratulations Congratulations Instant Promotion
spam,Winner Bonus Prize Urgent Prize Gift
spam,Limited Win Free Guaranteed Risk-Free Promotion
ham,News Movie Holiday Invitation Project Party Holiday Updates Check
ham,School Appointment Updates Hello Task Family Updates News
spam,Free Gift Winner Cash Deal Discount Deal Prize Limited
ham,Plan Call School Lunch Friends Report Updates Plan
spam,Free Win Promotion Exclusive Loan Urgent
ham,Dinner Schedule Project Holiday Report School Friends Task Party
ham,Invitation Meeting Schedule Party School Friends
spam,Congratulations Cash Cheap Loan Prize Now
spam,Click Credit Earn Now Gift Instant Click Loan Credit
ham,Work Movie Check Party Report School Movie Friends
ham,Dinner Project Schedule Check Report Work Family Reminder Dinner
spam,Gift Congratulations Prize Prize Winner Exclusive
spam,Earn Free Earn Loan Guaranteed Money Offer
spam,Cheap Earn Urgent Earn Gift Gift Congratulations Loan Limited
spam,Promotion Discount Winner Instant Free
spam,Bonus Click Earn Deal Credit Risk-Free Click
ham,Appointment Reminder Plan Party Updates Check Plan Hello
spam,Cash Exclusive Credit Bonus Offer Urgent Deal
spam,Winner Earn Credit Now Earn Promotion Credit Guaranteed
spam,Instant Urgent Discount Gift Money Winner Click Win
ham,Meeting Plan Hello Exam Task Reminder Holiday
ham,Task Report Report Project Plan Plan Family
spam,Money Cheap Deal Limited Guaranteed
spam,Winner Earn Promotion Gift Limited Cash Risk-Free Instant
ham,Exam Movie Task Schedule News Movie News
ham,Dinner Exam Exam News Dinner Holiday Project Task Call Invitation
spam,Cash Urgent Credit Win Limited Instant
ham,Friends Invitation Friends Schedule Reminder
spam,Winner Exclusive Loan Earn Prize Instant Winner Click
ham,News Invitation Friends News Updates Appointment Work
ham,Friends Dinner Holiday Movie Dinner Work
spam,Promotion Offer Free Prize Now Exclusive Credit Free
ham,News Holiday Friends Plan Lunch Friends Schedule
ham,Plan Schedule Reminder Lunch Work Report
ham,Project Report Invitation Work Appointment Movie Party Lunch
ham,School Check Invitation Hello Friends Exam Task School News Meeting
ham,Appointment Movie Invitation Hello Family
ham,Task School Updates Check Schedule Hello Dinner Schedule
ham,School Report Tomorrow Friends Project
ham,Invitation Project Movie Tomorrow Invitation Schedule Work Task Updates
spam,Win Now Loan Cash Cash Offer Urgent Risk-Free Gift Limited
ham,Holiday Call Holiday Plan Invitation Check Exam
spam,Congratulations Deal Now Instant Click Cash Guaranteed Instant Guaranteed Free
spam,Win Loan Free Gift Discount Congratulations Click Winner Money
spam,Guaranteed Discount Money Instant Discount Guaranteed
spam,Risk-Free Guaranteed Gift Promotion Congratulations
ham,Project News Hello Task Meeting School Movie
ham,Invitation Report Updates Tomorrow Lunch School News
ham,Check Report Invitation Updates Meeting Movie Updates Dinner News
spam,Winner Win Congratulations Promotion Credit Cheap Risk-Free
spam,Win Gift Earn Cash Instant Discount
spam,Click Congratulations Credit Guaranteed Discount Deal Winner
ham,Project Check Check News Family Updates
spam,Credit Urgent Urgent Offer Now Discount Credit Loan Prize Win
spam,Money Risk-Free Gift Instant Winner Prize Win Bonus
spam,Exclusive Free Credit Risk-Free Winner
ham,Task Tomorrow Family Friends Dinner
spam,Prize Promotion Credit Urgent Bonus Earn Cash Limited Now Credit
ham,News Hello Family Friends Check Tomorrow Dinner Project Check News
spam,Limited Cheap Now Offer Gift
ham,Project Exam Dinner Hello Party
ham,Holiday Work Party Party Work Check School
ham,Call Report Appointment Task News Invitation Holiday Meeting
ham,Party Call Lunch Dinner Movie Project Work Party
ham,Task Work Invitation News Plan Party
ham,Family Check Meeting Hello Family Report Call
spam,Instant Loan Risk-Free Offer Urgent
ham,Call Tomorrow Schedule Dinner News Schedule Schedule
spam,Win Limited Cheap Instant Instant Offer Deal
ham,Work Updates Family Check News Meeting
spam,Free Earn Urgent Exclusive Limited Instant
spam,Offer Instant Credit Winner Deal Prize Discount Discount Exclusive
ham,Schedule News Project Schedule Project Exam
ham,Reminder Holiday Dinner Project School
spam,Earn Exclusive Guaranteed Click Now Earn
ham,Report Friends Plan Hello Call Family Check Work Family
ham,News Updates Family Report Report Work News Friends Tomorrow Report
ham,Party Party Project Dinner Exam Call Appointment Movie
spam,Click Money Cheap Exclusive Prize Loan Bonus Credit Offer Guaranteed
ham,Appointment Report Meeting Project Work Family Schedule
ham,Tomorrow Hello Appointment Plan Exam
spam,Free Guaranteed Deal Congratulations Prize
spam,Instant Bonus Gift Bonus Free Bonus
ham,Reminder Call Tomorrow School Check Invitation Task Updates Meeting Reminder
ham,Report Plan Schedule Lunch Task Check Task Plan Party
spam,Urgent Urgent Gift Winner Risk-Free
spam,Guaranteed Now Bonus Loan Win Now Promotion Limited
ham,Call Project Report Reminder Party Exam Task
spam,Bonus Earn Click Cash Limited Guaranteed Earn
ham,Party Appointment Check Check Task Reminder Reminder Appointment School Work
ham,Movie Project Meeting Meeting Movie Task Reminder Invitation Schedule Family
spam,Promotion Loan Gift Now Deal Loan Congratulations
spam,Prize Earn Risk-Free Offer Urgent Loan Offer
spam,Congratulations Urgent Click Limited Guaranteed Deal Now Congratulations Deal
ham,Call Invitation Hello Family Dinner Lunch Project Project
spam,Deal Credit Credit Credit Deal Exclusive Money
spam,Prize Instant Free Risk-Free Bonus Free Cash Now Earn Congratulations
ham,Holiday Movie Project Appointment News Updates Party Appointment Call
ham,Holiday Invitation Lunch Work Hello Reminder Appointment
spam,Cash Bonus Guaranteed Money Exclusive Prize
spam,Bonus Exclusive Exclusive Cash Exclusive Win
spam,Credit Cheap Congratulations Exclusive Exclusive Prize
spam,Cash Win Cash Now Cash Discount Loan
ham,Meeting Holiday Hello Task Schedule Family
ham,Dinner Exam Appointment Call News Meeting Appointment
spam,Cheap Credit Guaranteed Urgent Gift Urgent Congratulations Prize Limited
spam,Instant Credit Free Winner Exclusive Exclusive Cheap
spam,Limited Cash Earn Guaranteed Urgent Click Click Gift Click Cheap
ham,Meeting Exam Invitation Plan Lunch Reminder Party
ham,Holiday Schedule News Family Reminder Work
spam,Promotion Offer Exclusive Urgent Click
ham,Plan Meeting Invitation Call Holiday Updates
ham,Invitation Tomorrow Invitation Plan Invitation Updates Dinner
spam,Urgent Promotion Urgent Risk-Free Congratulations Click Offer Instant Earn Deal
ham,Meeting Exam Family School Appointment Project Report Meeting Plan
ham,Dinner Hello Appointment Schedule Invitation Invitation Schedule Movie
spam,Win Risk-Free Cash Discount Credit
spam,Promotion Now Credit Cash Cheap Promotion
ham,Tomorrow Invitation Holiday Friends Project Report Meeting Movie Schedule
spam,Limited Risk-Free Limited Instant Loan Prize
spam,Exclusive Exclusive Cash Bonus Prize Now
ham,Exam Plan Party Hello Check Plan Lunch Updates
spam,Cash Exclusive Cash Instant Cash Free Exclusive
ham,Friends Movie Project Meeting Call Meeting Project Dinner Check
ham,Holiday News Dinner Dinner Family Report Friends Updates School
ham,Project Party News Party Movie Lunch Friends Movie
ham,Project Friends Plan Invitation Movie Movie Report Updates Project
spam,Congratulations Deal Prize Cash Cheap Guaranteed Click Cheap Limited
ham,Reminder Invitation Invitation Lunch Party
spam,Cash Bonus Winner Now Exclusive Offer Urgent
ham,Report Lunch Dinner Movie Updates Movie Appointment
spam,Offer Loan Cheap Deal Win Congratulations Prize Free
ham,Report Project Schedule Family Holiday Plan
ham,Friends Report Updates Project Project
spam,Limited Promotion Win Earn Click Offer Instant Urgent Offer
spam,Cash Bonus Prize Urgent Guaranteed Limited
ham,Lunch Project News Schedule Dinner Schedule
spam,Deal Credit Winner Win Free Win Credit Deal
ham,Dinner School Updates Family Friends Hello Schedule
spam,Cash Deal Instant Money Promotion Urgent Congratulations Cash Click
spam,Bonus Deal Congratulations Click Win Prize Cash
spam,Discount Risk-Free Prize Now Promotion Earn Gift
spam,Earn Promotion Congratulations Credit Cheap Winner Deal Instant Prize
spam,Now Earn Congratulations Credit Deal Cheap Cheap Cheap Congratulations
ham,Movie Schedule Plan Family Task News Lunch Family Movie
spam,Limited Discount Cheap Urgent Bonus Gift
ham,Movie Invitation Work Holiday Task Hello Hello
spam,Congratulations Discount Gift Guaranteed Guaranteed Discount Offer Cash Risk-Free Discount
spam,Guaranteed Free Cash Exclusive Bonus Congratulations Money Limited Winner Loan
spam,Click Instant Risk-Free Cheap Now Free Exclusive Earn Win Winner
ham,Lunch Project Reminder Friends Appointment Work Family Check Check
ham,Hello Lunch News Work Call Lunch
ham,Reminder School Schedule Party Reminder Reminder Invitation Plan
spam,Gift Promotion Offer Discount Promotion Promotion Loan Money
spam,Risk-Free Money Cheap Exclusive Urgent Offer Prize Bonus
ham,Holiday News Check Holiday Tomorrow
spam,Free Free Guaranteed Cash Prize Urgent Promotion Exclusive Now Click
spam,Cheap Urgent Exclusive Congratulations Cash Guaranteed Bonus Exclusive
spam,Offer Cash Guaranteed Earn Bonus Guaranteed Promotion Free
spam,Guaranteed Cash Exclusive Offer Win Now
ham,Party News Family Hello Reminder Report
spam,Risk-Free Promotion Deal Money Prize Gift Gift
ham,Meeting Report Reminder School Updates Lunch
spam,Promotion Winner Bonus Risk-Free Loan Earn Urgent Gift
ham,Hello News News Party Schedule Check
ham,Family Call Task Movie Family
ham,Family Hello Dinner Meeting Party News Work Check Dinner Movie
ham,Tomorrow Project Reminder Party Exam Lunch Call
ham,Lunch Movie Dinner School Family Party Work
ham,Appointment Project Lunch Plan News Schedule Tomorrow Updates
ham,Lunch Tomorrow Appointment Schedule Hello Dinner Hello Tomorrow Holiday Exam
ham,Call Work Updates Call Dinner Hello Plan Project
ham,Party Schedule Task Exam Schedule Friends Tomorrow Work
spam,Discount Now Prize Urgent Click Discount Limited Free Loan
spam,Limited Earn Exclusive Exclusive Bonus Deal Now Earn Now Guaranteed
ham,Plan Exam Party Schedule Project Family Invitation Project
ham,Tomorrow News Reminder Report Task Call Party Call Party
ham,Work Report Reminder Report Holiday News Hello Invitation
ham,Reminder Reminder Appointment Hello School News Lunch Check
ham,Appointment Dinner Hello Tomorrow Meeting Movie
spam,Offer Discount Credit Win Earn Discount Urgent
spam,Risk-Free Risk-Free Earn Urgent Cash Exclusive Limited Guaranteed Loan
ham,Project Call Reminder Meeting Holiday Appointment
ham,News News Lunch Project Exam
spam,Credit Promotion Discount Discount Loan Win Win Win
spam,Congratulations Discount Limited Cheap Deal Credit Cheap Deal Credit Prize
spam,Limited Loan Now Cheap Urgent Instant Risk-Free Deal Guaranteed
ham,Call School Reminder Appointment Party Project Plan Appointment Family
spam,Free Risk-Free Bonus Deal Limited Limited Win Earn Guaranteed
spam,Risk-Free Risk-Free Free Free Promotion
ham,School Party Schedule Family Lunch
spam,Credit Money Bonus Click Gift Win Instant Offer Limited
spam,Free Offer Prize Risk-Free Credit Risk-Free Bonus
spam,Gift Instant Winner Urgent Risk-Free Instant Now
spam,Earn Cash Earn Cash Cheap Prize Cheap
ham,Task Party Report Project Appointment
ham,Plan Lunch Party Party School
ham,Plan Party Invitation Lunch Appointment Family Check Dinner School
ham,Task Meeting Holiday Friends Plan
spam,Cash Deal Money Exclusive Urgent Exclusive Credit
ham,Project School Friends Schedule Lunch Family
ham,Family Project Appointment Friends Holiday Check Call
ham,Holiday Project Movie Holiday Tomorrow News Dinner Exam
spam,Gift Exclusive Urgent Exclusive Congratulations Free Promotion
spam,Offer Credit Gift Promotion Congratulations Discount Offer
ham,Party Tomorrow Friends Lunch Hello
ham,Hello Meeting Updates School Movie Plan Party Task Tomorrow News
spam,Cheap Loan Winner Prize Loan Free Instant
spam,Prize Discount Free Bonus Winner Bonus Deal Credit Money
spam,Urgent Congratulations Guaranteed Risk-Free Guaranteed Click Earn Bonus Now
spam,Cheap Loan Money Guaranteed Urgent Now Exclusive Promotion Cheap
ham,Dinner Dinner Lunch Schedule Check Meeting Schedule Report Task Appointment
ham,Movie News Dinner Exam News Friends Task Report Task
ham,Task Invitation News Lunch Holiday
ham,News Work News Family Lunch
ham,Reminder Schedule Report Meeting Movie Work Hello Appointment
spam,Limited Instant Click Gift Bonus Bonus Money Win Free
spam,Urgent Cash Winner Gift Click
spam,Instant Cheap Bonus Click Win Urgent
ham,Exam Work Appointment Work Lunch Schedule Report Hello
ham,Lunch Dinner School Invitation Family
spam,Winner Promotion Limited Deal Now Prize Free Click
ham,Project Task Friends Invitation Schedule Appointment Movie Report
spam,Discount Prize Discount Promotion Win Guaranteed Money
ham,Movie Project Friends Exam School
ham,Schedule Check Meeting Hello Reminder Dinner Hello Movie Schedule Schedule
ham,Friends Work Reminder Project Project Schedule Work
ham,Check Hello Holiday Report Exam
spam,Gift Promotion Win Winner Cheap Winner
ham,Exam Task Dinner School Task Holiday Reminder Report Tomorrow
ham,School Exam Reminder Hello Movie Invitation Party News Party
spam,Instant Loan Loan Free Urgent Cheap Instant Winner Cash
ham,Check Friends Check Family School News Project Hello
ham,Task Project Meeting Project Work School Friends Project
spam,Instant Congratulations Prize Guaranteed Offer Win Exclusive Click Loan Winner
ham,Meeting Schedule Lunch Lunch Report Schedule Task Call Report Holiday
spam,Instant Now Earn Risk-Free Exclusive Loan Bonus
ham,Exam Check Party Appointment Holiday Lunch Task Exam Task
ham,Task Exam Check Dinner Hello Tomorrow Party Updates
spam,Discount Offer Offer Guaranteed Exclusive Earn Credit Instant Offer
ham,Work Report Family Updates Hello Movie Reminder Reminder Invitation
spam,Promotion Instant Guaranteed Earn Win
spam,Congratulations Loan Limited Bonus Exclusive
spam,Win Bonus Prize Risk-Free Cash Gift Bonus Earn Loan
ham,Family Tomorrow Reminder Meeting Check
spam,Risk-Free Instant Bonus Promotion Promotion Deal
ham,Hello Project Appointment Project Meeting Hello Tomorrow Work
spam,Guaranteed Offer Cash Credit Urgent Free Deal
ham,Family Invitation Schedule Dinner Hello School School Work Lunch Movie
spam,Earn Win Congratulations Earn Cash Earn Bonus Now
spam,Now Cash Bonus Congratulations Guaranteed Urgent Cheap Bonus Urgent Click
spam,Instant Click Congratulations Prize Money Prize Cheap Deal Bonus Exclusive
ham,Plan Invitation Work School Movie Reminder
spam,Gift Bonus Deal Cheap Loan Urgent Offer Credit
ham,Task Tomorrow Family Check Friends Dinner Work
ham,Plan School Movie Meeting Task Movie Updates Party Family Task
ham,Schedule Report Call Hello Hello
spam,Urgent Money Exclusive Gift Promotion
spam,Deal Loan Congratulations Bonus Earn Click Earn Offer Urgent
ham,Hello Report Friends News Hello Plan
ham,Exam Project Friends School Work Check Report Work Movie
ham,Party Call Updates Exam School News Friends Invitation
ham,Invitation Project News Friends Task Updates
spam,Cheap Win Earn Promotion Win Loan Discount Cash Money
ham,School Invitation School Plan Meeting Work Dinner Invitation Check Report
spam,Bonus Risk-Free Exclusive Deal Cash
ham,Lunch Report Hello Updates Friends Task Updates
ham,School Family Plan Work Holiday
spam,Limited Risk-Free Now Loan Earn Win
ham,Plan Dinner Tomorrow Friends Tomorrow Schedule Report
ham,Plan Party Hello Friends News Party Updates School Work Project
ham,Lunch Task Friends Invitation Family Friends
ham,Updates Invitation Family Hello Reminder Appointment Plan Check
ham,Plan Meeting Party Invitation Lunch Call Family Movie Lunch Call
spam,Cash Discount Win Credit Loan Cash Bonus Earn Promotion
spam,Instant Promotion Guaranteed Congratulations Now Credit Urgent Free Prize
ham,Reminder Dinner Dinner School Family
ham,Plan Holiday Plan Friends Project Schedule Plan Call Family
ham,Work Family Work Family Party
spam,Cash Risk-Free Loan Cash Win
spam,Limited Prize Promotion Instant Congratulations
ham,Appointment Call Appointment Movie Dinner
spam,Bonus Win Now Now Risk-Free Bonus Free
spam,Cash Loan Money Deal Loan Promotion Guaranteed Risk-Free Cash Winner
spam,Credit Deal Prize Cheap Urgent Gift Bonus Discount Guaranteed Winner
spam,Discount Cheap Deal Exclusive Risk-Free Now Deal Now
spam,Congratulations Earn Deal Credit Promotion Instant
spam,Cheap Prize Money Bonus Click Deal Prize Congratulations Urgent
ham,Updates News Updates Party Project Report Party Updates
spam,Money Guaranteed Exclusive Win Offer
ham,Holiday Dinner Exam Meeting Plan School Check Tomorrow Schedule Dinner
spam,Bonus Risk-Free Congratulations Prize Click
spam,Win Guaranteed Win Earn Earn Exclusive Cheap Credit Deal Congratulations
ham,Project Hello Movie Tomorrow Lunch
spam,Bonus Earn Winner Credit Cheap Credit Deal
ham,Hello Appointment Check Exam Hello Friends Check Tomorrow School
ham,Check Holiday Friends Friends Invitation Meeting Invitation
spam,Credit Promotion Gift Free Exclusive Credit Exclusive
ham,Schedule Call Check Hello Call
ham,Family Project News Call School Invitation Schedule
ham,Meeting Report Dinner Tomorrow Updates Task Plan Call Appointment
spam,Exclusive Congratulations Cheap Congratulations Gift Click
ham,Lunch Plan Project Party Schedule Check Appointment Reminder
spam,Risk-Free Cheap Free Free Cheap Deal Guaranteed Risk-Free
spam,Win Cash Gift Earn Urgent Cheap Free Win
spam,Instant Exclusive Promotion Money Money Cash
spam,Instant Deal Free Now Earn Congratulations Promotion
spam,Congratulations Now Winner Congratulations Exclusive
ham,Tomorrow Meeting Family Friends Updates Exam
spam,Guaranteed Cheap Cheap Risk-Free Earn
ham,Lunch Reminder Friends Updates Task Updates
spam,Exclusive Guaranteed Cash Free Earn
ham,Check Task Call Plan Holiday Appointment Holiday Holiday Lunch Family
ham,Dinner Updates School Work Call Tomorrow Schedule Hello Task Invitation
spam,Offer Bonus Promotion Congratulations Earn Bonus
ham,Meeting News Plan Updates Hello
ham,Plan Task Plan Exam Schedule
spam,Win Promotion Discount Loan Now Money
ham,Party Dinner Appointment Lunch Appointment Invitation
spam,Exclusive Cash Bonus Prize Promotion Urgent
ham,Friends Party School Reminder Invitation
ham,Work Party Invitation Exam Dinner Party Party Reminder
spam,Loan Money Click Winner Promotion Risk-Free Guaranteed Prize Limited Deal
spam,Free Winner Win Win Prize Win Money Loan Urgent
ham,Report Exam Party Schedule Plan Tomorrow Invitation
ham,Hello Schedule Work Movie News Friends Tomorrow Invitation Hello Appointment
spam,Free Free Prize Risk-Free Cash Earn
ham,Family Family Work Lunch Reminder Family Project Friends Exam School
spam,Money Promotion Money Money Loan Earn
ham,Tomorrow Check Project News Tomorrow Party Report
ham,Hello Reminder Plan News Updates Call Exam Plan Invitation
spam,Loan Gift Gift Risk-Free Now Risk-Free
ham,News Hello Hello Plan Plan Schedule News Hello Report Plan
ham,Appointment Meeting Family Project Plan Tomorrow Reminder Invitation Schedule
ham,Task Meeting Appointment Work School Dinner
spam,Guaranteed Money Discount Credit Bonus
ham,Party Meeting Family Movie Project Family Reminder
spam,Deal Discount Click Now Exclusive Deal Limited Bonus Now
spam,Credit Discount Gift Instant Limited Urgent Promotion Free Promotion Instant
spam,Cash Click Cash Prize Gift Exclusive
spam,Earn Discount Guaranteed Offer Limited Instant Money Offer
spam,Earn Promotion Risk-Free Win Limited Discount Limited Deal
spam,Promotion Prize Discount Deal Discount
spam,Limited Guaranteed Now Credit Gift Win
spam,Gift Free Urgent Bonus Prize Cheap Promotion Risk-Free Now Cash
ham,Hello Call Holiday Reminder School School Schedule Project Updates
ham,News Work Reminder Meeting Updates
ham,Plan Call Appointment Appointment Friends Updates Call
ham,Report Schedule Exam Dinner Schedule
ham,Lunch Task Task School Work Updates Appointment
ham,Holiday Hello Call Updates Appointment Lunch Check Lunch Lunch
spam,Limited Money Free Risk-Free Click Offer Offer
ham,Project Meeting Family Task Project Dinner Meeting Lunch Meeting Schedule
spam,Free Cheap Click Bonus Cheap Instant Risk-Free Limited Deal Loan
ham,Project Movie Party Work Plan Updates
spam,Loan Promotion Gift Money Winner Cash Earn Guaranteed
spam,Bonus Now Deal Exclusive Congratulations Earn Now
ham,Project Friends School Friends Friends Project Meeting Report Movie Project
spam,Promotion Discount Exclusive Money Credit Limited Limited
